"Path","Platform","Compiled","Cooked","Permutations","Compiletime","CompiledDouble","CookedDouble"
"Globals","0","33","0","1","0.000000","0","0"
"/ControlRig/Controls/ControlRigGizmoMaterial.ControlRigGizmoMaterial","0","2","2","1","3.750056","0","2"
"/MeshModelingToolset/Materials/M_DynamicMeshComponentVtxColor.M_DynamicMeshComponentVtxColor","0","7","9","1","29.768345","0","9"
"/Engine/EditorMaterials/PhAT_UnselectedMaterial.PhAT_UnselectedMaterial","0","3","3","1","4.109456","0","3"
"/Engine/EngineMaterials/GizmoMaterial.GizmoMaterial","0","5","6","1","9.995289","0","6"
"/Engine/EngineMaterials/NaniteHiddenSectionMaterial.NaniteHiddenSectionMaterial","0","12","14","1","27.222841","0","14"
"/Engine/EngineSky/VolumetricClouds/m_SimpleVolumetricCloud.m_SimpleVolumetricCloud","0","88","88","1","9.409350","0","88"
"/Engine/EngineDebugMaterials/DebugEditorMaterial.DebugEditorMaterial","0","5","6","1","8.301940","0","6"
"/Engine/EditorLandscapeResources/SplineEditorMeshMat.SplineEditorMeshMat","0","10","12","1","23.917856","0","12"
"/Engine/EngineDebugMaterials/M_SimpleUnlitTranslucent.M_SimpleUnlitTranslucent","0","3","3","1","4.362423","0","3"
"/Engine/EditorMaterials/Camera/CineMat.CineMat","0","6","6","1","12.454000","0","6"
"/Engine/VREditor/TransformGizmo/TranslucentTransformGizmoMaterial.TranslucentTransformGizmoMaterial","0","3","3","1","2.082845","0","3"
"/Engine/VREditor/TransformGizmo/Xray.Xray","0","3","3","1","3.726609","0","3"
"/Engine/VREditor/TransformGizmo/Main.Main","0","3","3","1","1.867207","0","3"
"/Engine/EngineMaterials/DefaultLightFunctionMaterial.DefaultLightFunctionMaterial","0","25","25","1","23.033369","0","25"
"/Game/Blender/ModularKit/Material.Material","0","11","11","1","16.607094","3","17"
"/Game/Blender/ModularKit/GrassPNG_Mat.GrassPNG_Mat","0","11","11","1","18.088642","3","17"
"/Game/Blender/ModularKit/Material_003.Material_003","0","3","3","1","5.751290","0","3"
"/Game/Blender/Level1/Obtacles/VinesTexture_Mat.VinesTexture_Mat","0","3","3","1","7.139761","0","3"
"/Game/Blender/Level1/Obtacles/Material_002.Material_002","0","3","3","1","5.115018","0","3"
"/Game/Blender/Level1/Obtacles/Material_008.Material_008","0","3","3","1","4.504160","0","3"
"/Game/Blender/Level1/Obtacles/Material_005.Material_005","0","3","3","1","2.035398","0","3"
"/Game/Blender/Level1/Obtacles/Material_007.Material_007","0","3","3","1","0.000000","0","3"
"/Game/Blender/Level1/Obtacles/Material_003.Material_003","0","3","3","1","0.000000","0","3"
"/Game/Blender/Level1/Obtacles/Material_006.Material_006","0","3","3","1","0.000000","0","3"
"/Game/Blender/Level1/Material_003.Material_003","0","3","3","1","6.506427","0","3"
"/Game/Blender/Tree_Branch_Mat.Tree_Branch_Mat","0","3","3","1","0.000000","0","3"
"/Game/Blender/Level1/Daisie1.Daisie1","0","3","3","1","0.000000","0","3"
"/Game/Blender/Level1/CeramicTextureSkinBeard_Mat.CeramicTextureSkinBeard_Mat","0","3","3","1","0.000000","0","3"
"/Game/Blender/Level1/CeramicTextureSkin_Mat.CeramicTextureSkin_Mat","0","3","3","1","0.000000","0","3"
"/Game/Blender/Level1/CeramicTextureRed_Mat.CeramicTextureRed_Mat","0","3","3","1","0.000000","0","3"
"/Game/Blender/Level1/Material_001.Material_001","0","3","3","1","0.000000","0","3"
"/Game/Blender/Level1/CeramicTexturePurple_Mat.CeramicTexturePurple_Mat","0","3","3","1","0.000000","0","3"
"/Game/Blender/Level1/WoodTexture_Mat.WoodTexture_Mat","0","3","3","1","0.000000","0","3"
"/Game/Blender/Level1/Material_004.Material_004","0","3","3","1","6.361197","0","3"
"/Game/Blender/Level1/4284_Mat.4284_Mat","0","3","3","1","0.000000","0","3"
"/Game/Blender/Level1/Material_005.Material_005","0","3","3","1","4.845657","0","3"
"/Game/Blender/Level1/Material_002.Material_002","0","3","3","1","5.186753","0","3"
"/Game/Blender/Level1/Material_007.Material_007","0","3","3","1","4.685252","0","3"
"/Game/Blender/Level1/Material_006.Material_006","0","3","3","1","5.510569","0","3"
"/Game/Blender/Level1/Material.Material","0","3","3","1","4.927455","0","3"
"/Game/Blender/Level1/Obtacles/RockMaterial.RockMaterial","0","3","3","1","0.000000","0","3"
"/Game/Blender/ModularKit/Material_001.Material_001","0","3","3","1","0.000000","0","3"
"/Game/Blender/ModularKit/Material_002.Material_002","0","3","3","1","5.058669","0","3"
"/Game/Blender/Forest_Skybox.Forest_Skybox","0","3","3","1","6.467312","0","3"
"/Engine/EditorMaterials/PhAT_NoCollisionMaterial.PhAT_NoCollisionMaterial","0","3","3","1","2.669715","0","3"
"/Engine/EngineMaterials/RemoveSurfaceMaterial.RemoveSurfaceMaterial","0","2","2","1","2.179944","0","2"
"/Engine/EngineDebugMaterials/DebugMeshMaterial.DebugMeshMaterial","0","5","5","1","5.686707","0","5"
"/Engine/EngineMaterials/FlattenMaterial_WS_Normal_VT.FlattenMaterial_WS_Normal_VT","0","6","6","1","12.550658","0","6"
"/Engine/EditorMaterials/Dataflow/DataflowTwoSidedVertexMaterial.DataflowTwoSidedVertexMaterial","0","12","14","1","29.605045","0","14"
"/Engine/EditorMaterials/Dataflow/DataflowVertexMaterial.DataflowVertexMaterial","0","6","6","1","9.746390","0","6"
"/Engine/EngineSky/M_Sky_Panning_Clouds2.M_Sky_Panning_Clouds2","0","2","2","1","3.966410","0","2"
"/Engine/BasicShapes/BasicShapeMaterial.BasicShapeMaterial","0","9","9","1","16.771364","0","9"
"/ControlRig/Controls/ControlRigXRayMaterial.ControlRigXRayMaterial","0","6","7","1","9.427467","0","7"
"/HairStrands/Materials/HairMeshesDefaultMaterial.HairMeshesDefaultMaterial","0","33","36","1","59.018864","0","36"
"/HairStrands/Materials/HairCardsDefaultMaterial.HairCardsDefaultMaterial","0","57","63","1","100.228577","0","63"
"/HairStrands/Materials/HairDefaultMaterial.HairDefaultMaterial","0","33","36","1","0.000000","0","36"
"/InterchangeAssets/gltf/M_ClearCoat.M_ClearCoat","0","110","128","6","507.285278","0","128"
"/InterchangeAssets/gltf/M_Default.M_Default","0","110","128","6","946.558533","0","128"
"/Engine/EngineMaterials/FlattenMaterial_VT.FlattenMaterial_VT","0","6","6","1","9.071198","0","6"
"/Engine/EngineMaterials/FlattenMaterial.FlattenMaterial","0","9","9","1","13.929944","0","9"
"/InterchangeAssets/gltf/M_Sheen.M_Sheen","0","102","112","6","634.409058","0","112"
"/HairStrands/Materials/HairDebugMaterial.HairDebugMaterial","0","57","63","1","173.319000","0","63"
"/Engine/EngineMaterials/DefaultPostProcessMaterial.DefaultPostProcessMaterial","0","7","7","1","12.157446","0","7"
"/Engine/EngineMaterials/DefaultTextMaterialOpaque.DefaultTextMaterialOpaque","0","14","16","1","48.337086","0","16"
"/Engine/EngineMaterials/PPM_DefaultCalibrationColor.PPM_DefaultCalibrationColor","0","5","5","1","3.734838","0","5"
"/InterchangeAssets/gltf/M_SpecularGlossiness.M_SpecularGlossiness","0","102","112","6","533.790588","0","112"
"/Engine/EditorMaterials/PreviewShadowIndicatorMaterial.PreviewShadowIndicatorMaterial","0","25","25","1","44.290607","0","25"
"/Engine/EngineMaterials/PPM_DefaultCalibrationGrayscale.PPM_DefaultCalibrationGrayscale","0","5","5","1","3.858238","0","5"
"/Paper2D/DefaultSpriteMaterial.DefaultSpriteMaterial","0","36","42","2","125.841499","0","42"
"/Engine/EngineMaterials/Widget3DPassThrough.Widget3DPassThrough","0","41","46","6","102.438995","1","46"
"/Engine/VREditor/SnapGrid/SnapGridMaterial.SnapGridMaterial","0","10","10","1","27.929182","0","10"
"/AudioWidgets/AudioMaterialSlate/M_AudioMaterialMeter.M_AudioMaterialMeter","0","13","13","1","19.197027","0","13"
"/AudioWidgets/AudioMaterialSlate/M_AudioMaterialRoundedSlider.M_AudioMaterialRoundedSlider","0","23","25","1","53.186077","0","25"
"/AudioWidgets/AudioMaterialSlate/M_AudioMaterialEnvelope_ADSR.M_AudioMaterialEnvelope_ADSR","0","23","25","1","57.546711","0","25"
"/AudioWidgets/AudioMaterialSlate/M_AudioMaterialKnob.M_AudioMaterialKnob","0","13","13","1","21.603592","0","13"
"/AudioWidgets/AudioMaterialSlate/M_AudioMaterialToggleButton.M_AudioMaterialToggleButton","0","13","13","1","20.319752","0","13"
"/SpeedTreeImporter/SpeedTree9/SpeedTreeBillboardMaster.SpeedTreeBillboardMaster","0","28","32","1","258.822540","0","32"
"/SpeedTreeImporter/SpeedTree9/SpeedTreeMaster.SpeedTreeMaster","0","28","32","1","142.918961","0","32"
"/InterchangeAssets/gltf/M_Unlit.M_Unlit","0","82","92","6","183.558212","0","92"
"/InterchangeAssets/gltf/M_Transmission.M_Transmission","0","28","28","2","1258.935791","0","28"
"/Engine/EngineMaterials/DefaultDeferredDecalMaterial.DefaultDeferredDecalMaterial","0","33","33","1","241.562134","0","33"
"/Engine/EngineMaterials/DefaultMaterial.DefaultMaterial","0","24","24","1","75.584778","0","24"
"/Engine/VREditor/TransformGizmo/TransformGizmoMaterial.TransformGizmoMaterial","0","2","2","1","5.487786","0","2"
"/Engine/EngineDebugMaterials/M_VolumeRenderSphereTracePP.M_VolumeRenderSphereTracePP","0","5","5","1","7.185463","0","5"
"/Engine/EngineMaterials/PhAT_JointLimitMaterial.PhAT_JointLimitMaterial","0","6","7","1","21.179224","0","7"
"/Engine/EngineMaterials/M_InvalidLightmapSettings.M_InvalidLightmapSettings","0","6","6","1","16.179918","0","6"
"/Engine/EngineMaterials/EmissiveMeshMaterial.EmissiveMeshMaterial","0","10","10","1","23.597433","0","10"
"/ControlRig/M_Manip.M_Manip","0","6","7","1","15.758810","0","7"
"/Engine/EngineMaterials/WorldGridMaterial.WorldGridMaterial","0","333","0","1","0.000000","0","0"
"Globals","49","10300","0","1","0.000000","0","0"
"/ControlRig/Controls/ControlRigGizmoMaterial.ControlRigGizmoMaterial","49","7","7","1","13.741418","0","7"
"/MeshModelingToolset/Materials/M_DynamicMeshComponentVtxColor.M_DynamicMeshComponentVtxColor","49","12","14","1","33.673790","0","14"
"","49","64","0","1","0.000000","65","0"
"/Engine/EngineMaterials/NaniteHiddenSectionMaterial.NaniteHiddenSectionMaterial","49","19","21","1","33.170898","0","21"
"/Engine/EditorMaterials/PhAT_UnselectedMaterial.PhAT_UnselectedMaterial","49","8","8","1","18.236662","0","8"
"/Engine/EditorMaterials/PhAT_NoCollisionMaterial.PhAT_NoCollisionMaterial","49","8","8","1","17.120892","0","8"
"/Engine/EngineMaterials/GizmoMaterial.GizmoMaterial","49","10","11","1","14.259768","0","11"
"/Engine/EngineDebugMaterials/DebugMeshMaterial.DebugMeshMaterial","49","10","10","1","12.828858","0","10"
"/Engine/EngineMaterials/RemoveSurfaceMaterial.RemoveSurfaceMaterial","49","7","7","1","10.142063","0","7"
"/Engine/EditorMaterials/Dataflow/DataflowTwoSidedVertexMaterial.DataflowTwoSidedVertexMaterial","49","17","19","1","58.251637","0","19"
"/Engine/EditorMaterials/Dataflow/DataflowVertexMaterial.DataflowVertexMaterial","49","11","11","1","11.915072","0","11"
"/Engine/BasicShapes/BasicShapeMaterial.BasicShapeMaterial","49","27","27","1","79.178482","0","27"
"/ControlRig/Controls/ControlRigXRayMaterial.ControlRigXRayMaterial","49","11","12","1","22.608070","0","12"
"/HairStrands/Materials/HairMeshesDefaultMaterial.HairMeshesDefaultMaterial","49","42","45","1","85.526573","0","45"
"/Engine/EngineMaterials/FlattenMaterial_WS_Normal_VT.FlattenMaterial_WS_Normal_VT","49","16","16","1","89.656647","0","16"
"/HairStrands/Materials/HairCardsDefaultMaterial.HairCardsDefaultMaterial","49","72","78","1","183.331161","0","78"
"/HairStrands/Materials/HairDefaultMaterial.HairDefaultMaterial","49","42","45","1","0.000000","0","45"
"/Engine/EngineDebugMaterials/DebugEditorMaterial.DebugEditorMaterial","49","10","11","1","20.648291","0","11"
"/Engine/EditorLandscapeResources/SplineEditorMeshMat.SplineEditorMeshMat","49","22","24","1","53.925037","0","24"
"/Engine/EngineDebugMaterials/M_SimpleUnlitTranslucent.M_SimpleUnlitTranslucent","49","8","8","1","12.511306","0","8"
"/Engine/EditorMaterials/Camera/CineMat.CineMat","49","14","14","1","25.082420","0","14"
"/Engine/VREditor/TransformGizmo/TranslucentTransformGizmoMaterial.TranslucentTransformGizmoMaterial","49","8","8","1","9.698668","0","8"
"/Engine/VREditor/TransformGizmo/Xray.Xray","49","8","8","1","10.503172","0","8"
"/Engine/VREditor/TransformGizmo/Main.Main","49","8","8","1","9.816660","0","8"
"/Engine/EngineMaterials/DefaultLightFunctionMaterial.DefaultLightFunctionMaterial","49","67","67","1","74.050079","0","67"
"/Engine/EngineMaterials/FlattenMaterial_VT.FlattenMaterial_VT","49","16","16","1","47.657433","0","16"
"/HairStrands/Materials/HairDebugMaterial.HairDebugMaterial","49","72","78","1","138.608734","0","78"
"/Engine/EngineSky/VolumetricClouds/m_SimpleVolumetricCloud.m_SimpleVolumetricCloud","49","92","92","1","0.000000","0","92"
"/Engine/EngineMaterials/DefaultTextMaterialOpaque.DefaultTextMaterialOpaque","49","21","23","1","21.642488","0","23"
"/Engine/EngineMaterials/PPM_DefaultCalibrationColor.PPM_DefaultCalibrationColor","49","7","7","1","5.698998","0","7"
"/Engine/EngineMaterials/FlattenMaterial.FlattenMaterial","49","22","22","1","38.961956","0","22"
"/Engine/EngineMaterials/DefaultPostProcessMaterial.DefaultPostProcessMaterial","49","9","9","1","10.085936","0","9"
"/Engine/EngineMaterials/DefaultDeferredDecalMaterial.DefaultDeferredDecalMaterial","49","40","40","1","58.690540","0","40"
"/Engine/EngineMaterials/DefaultMaterial.DefaultMaterial","49","45","45","1","104.054398","0","45"
"/Engine/EngineMaterials/WorldGridMaterial.WorldGridMaterial","49","993","1016","1","3391.665283","0","0"
"/Engine/EngineMaterials/M_InvalidLightmapSettings.M_InvalidLightmapSettings","49","16","16","1","36.317768","0","16"
"/Engine/EngineMaterials/EmissiveMeshMaterial.EmissiveMeshMaterial","49","17","17","1","32.548103","0","17"
"/Engine/EngineMaterials/PhAT_JointLimitMaterial.PhAT_JointLimitMaterial","49","11","12","1","16.413443","0","12"
"/ControlRig/M_Manip.M_Manip","49","11","12","1","24.961657","0","12"
"/Paper2D/DefaultSpriteMaterial.DefaultSpriteMaterial","49","56","62","2","100.132927","0","62"
"/Engine/VREditor/TransformGizmo/TransformGizmoMaterial.TransformGizmoMaterial","49","7","7","1","9.724492","0","7"
"/Engine/EngineDebugMaterials/M_VolumeRenderSphereTracePP.M_VolumeRenderSphereTracePP","49","7","7","1","3.342924","0","7"
"/Engine/EngineMaterials/Widget3DPassThrough.Widget3DPassThrough","49","75","80","6","66.030037","0","80"
"/InterchangeAssets/gltf/M_SpecularGlossiness.M_SpecularGlossiness","49","156","166","6","286.613953","0","166"
"/InterchangeAssets/gltf/M_Unlit.M_Unlit","49","202","212","6","599.230469","0","212"
"/Game/Blender/ModularKit/Material.Material","49","25","25","1","0.000000","85","151"
"/Game/Blender/ModularKit/GrassPNG_Mat.GrassPNG_Mat","49","20","20","1","0.000000","10","56"
"/InterchangeAssets/gltf/M_Default.M_Default","49","234","252","6","985.092957","0","252"
"/InterchangeAssets/gltf/M_ClearCoat.M_ClearCoat","49","164","182","6","330.245453","0","182"
"/InterchangeAssets/gltf/M_Sheen.M_Sheen","49","156","166","6","269.131714","0","166"
"/InterchangeAssets/gltf/M_Transmission.M_Transmission","49","54","54","2","240.513412","0","54"
"/Game/Blender/ModularKit/Material_003.Material_003","49","13","13","1","0.000000","0","13"
"/Engine/EditorMaterials/PreviewShadowIndicatorMaterial.PreviewShadowIndicatorMaterial","49","67","67","1","58.923214","0","67"
"/Engine/EngineMaterials/PPM_DefaultCalibrationGrayscale.PPM_DefaultCalibrationGrayscale","49","7","7","1","8.167906","0","7"
"/Engine/VREditor/SnapGrid/SnapGridMaterial.SnapGridMaterial","49","18","18","1","27.792856","0","18"
"/AudioWidgets/AudioMaterialSlate/M_AudioMaterialMeter.M_AudioMaterialMeter","49","15","15","1","15.092889","0","15"
"/AudioWidgets/AudioMaterialSlate/M_AudioMaterialRoundedSlider.M_AudioMaterialRoundedSlider","49","27","29","1","36.705647","0","29"
"/AudioWidgets/AudioMaterialSlate/M_AudioMaterialEnvelope_ADSR.M_AudioMaterialEnvelope_ADSR","49","27","29","1","39.437256","0","29"
"/AudioWidgets/AudioMaterialSlate/M_AudioMaterialKnob.M_AudioMaterialKnob","49","15","15","1","20.267651","0","15"
"/AudioWidgets/AudioMaterialSlate/M_AudioMaterialToggleButton.M_AudioMaterialToggleButton","49","15","15","1","16.940166","0","15"
"/SpeedTreeImporter/SpeedTree9/SpeedTreeBillboardMaster.SpeedTreeBillboardMaster","49","42","46","1","95.863869","0","46"
"/SpeedTreeImporter/SpeedTree9/SpeedTreeMaster.SpeedTreeMaster","49","42","46","1","105.663437","0","46"
"/Game/Blender/Level1/Obtacles/VinesTexture_Mat.VinesTexture_Mat","49","8","8","1","0.000000","0","8"
"/Game/Blender/Level1/Obtacles/Material_002.Material_002","49","13","13","1","0.000000","0","13"
"/Game/Blender/Level1/Obtacles/Material_008.Material_008","49","13","13","1","0.000000","0","13"
"/Game/Blender/Level1/Obtacles/Material_005.Material_005","49","13","13","1","0.000000","0","13"
"/Game/Blender/Level1/Obtacles/Material_007.Material_007","49","13","13","1","0.000000","0","13"
"/Game/Blender/Level1/Obtacles/Material_003.Material_003","49","13","13","1","0.000000","0","13"
"/Game/Blender/Level1/Obtacles/Material_006.Material_006","49","13","13","1","0.000000","0","13"
"/Game/Blender/Level1/Material_003.Material_003","49","13","13","1","0.000000","0","13"
"/Game/Blender/Tree_Branch_Mat.Tree_Branch_Mat","49","13","13","1","0.000000","0","13"
"/Game/Blender/Level1/Daisie1.Daisie1","49","13","13","1","0.000000","0","13"
"/Game/Blender/Level1/CeramicTextureSkinBeard_Mat.CeramicTextureSkinBeard_Mat","49","13","13","1","0.000000","0","13"
"/Game/Blender/Level1/CeramicTextureSkin_Mat.CeramicTextureSkin_Mat","49","13","13","1","0.000000","0","13"
"/Game/Blender/Level1/CeramicTextureRed_Mat.CeramicTextureRed_Mat","49","13","13","1","0.000000","0","13"
"/Game/Blender/Level1/Material_001.Material_001","49","13","13","1","0.000000","0","13"
"/Game/Blender/Level1/CeramicTexturePurple_Mat.CeramicTexturePurple_Mat","49","13","13","1","0.000000","0","13"
"/Game/Blender/Level1/WoodTexture_Mat.WoodTexture_Mat","49","13","13","1","0.000000","0","13"
"/Game/Blender/Level1/Material_004.Material_004","49","13","13","1","0.000000","0","13"
"/Game/Blender/Level1/4284_Mat.4284_Mat","49","13","13","1","0.000000","0","13"
"/Game/Blender/Level1/Material_005.Material_005","49","13","13","1","0.000000","0","13"
"/Game/Blender/Level1/Material_002.Material_002","49","13","13","1","0.000000","0","13"
"/Game/Blender/Level1/Material_007.Material_007","49","13","13","1","0.000000","0","13"
"/Game/Blender/Level1/Material_006.Material_006","49","13","13","1","0.000000","0","13"
"/Game/Blender/Level1/Material.Material","49","13","13","1","0.000000","0","13"
"/Game/Blender/Level1/Obtacles/RockMaterial.RockMaterial","49","13","13","1","0.000000","0","13"
"/Game/Blender/ModularKit/Material_001.Material_001","49","13","13","1","0.000000","0","13"
"/Game/Blender/ModularKit/Material_002.Material_002","49","13","13","1","0.000000","0","13"
"/Engine/EngineSky/M_Sky_Panning_Clouds2.M_Sky_Panning_Clouds2","49","7","7","1","8.063215","0","7"
"/Game/Blender/Forest_Skybox.Forest_Skybox","49","8","8","1","0.000000","0","8"
